split,criterion,seed,epoch,Accuracy,Macro Precision,Macro Recall,Macro F1,Weighted F1,Top-3 Acc,Macro Recall@3
imbalanced_minor,ce,seed_2,1,0.0003333333333333333,0.16666666666666666,0.0003333333333333333,0.000665335994677312,0.0006653359946773121,0.10133333333333333,0.10133333333333333
imbalanced_minor,ce,seed_2,2,0.3436666666666667,0.8858098523667749,0.3436666666666666,0.47509826206414035,0.47509826206414035,0.718,0.718
imbalanced_minor,ce,seed_2,3,0.39966666666666667,0.8742285868014926,0.3996666666666666,0.5199383972739177,0.5199383972739178,0.714,0.714
imbalanced_minor,ce,seed_2,4,0.3983333333333333,0.8903670838781991,0.3983333333333334,0.5398544805770312,0.5398544805770313,0.7083333333333334,0.7083333333333334
imbalanced_minor,ce,seed_2,5,0.4643333333333333,0.8968871171235903,0.4643333333333333,0.581856133891436,0.581856133891436,0.761,0.761
imbalanced_minor,ce,seed_2,6,0.38233333333333336,0.8675853243204582,0.38233333333333336,0.5168208849955397,0.5168208849955397,0.743,0.743
imbalanced_minor,ce,seed_2,7,0.429,0.9111636583805671,0.429,0.5764936925592319,0.5764936925592319,0.758,0.758
imbalanced_minor,ce,seed_2,8,0.54,0.9013496743765209,0.54,0.6679858216111078,0.6679858216111076,0.802,0.802
imbalanced_minor,ce,seed_2,9,0.49,0.9029769569119246,0.49,0.6320390964199875,0.6320390964199875,0.8073333333333333,0.8073333333333332
imbalanced_minor,ce,seed_2,10,0.503,0.8768952068789715,0.503,0.6361087562336071,0.6361087562336072,0.8046666666666666,0.8046666666666668
imbalanced_minor,ce,seed_2,11,0.5836666666666667,0.8912145153272707,0.5836666666666667,0.7032968433996595,0.7032968433996595,0.868,0.868
imbalanced_minor,ce,seed_2,12,0.663,0.8978589270913941,0.6629999999999999,0.7575425727128406,0.7575425727128408,0.884,0.884
imbalanced_minor,ce,seed_2,13,0.5563333333333333,0.9271625295695239,0.5563333333333333,0.6705227445458596,0.6705227445458596,0.828,0.828
imbalanced_minor,ce,seed_2,14,0.562,0.9077312204665567,0.5619999999999999,0.6792343033455633,0.6792343033455633,0.8376666666666667,0.8376666666666667
imbalanced_minor,ce,seed_2,15,0.584,0.8891954348236183,0.584,0.6970502939085345,0.6970502939085346,0.871,0.871
imbalanced_minor,ce,seed_2,16,0.6,0.9077864507677663,0.6,0.7006403184615319,0.700640318461532,0.8276666666666667,0.8276666666666667
imbalanced_minor,ce,seed_2,17,0.5686666666666667,0.9073877773132876,0.5686666666666667,0.6787416746557331,0.6787416746557331,0.8293333333333334,0.8293333333333334
imbalanced_minor,ce,seed_2,18,0.6533333333333333,0.908651317525344,0.6533333333333333,0.7414416831899678,0.7414416831899678,0.8786666666666667,0.8786666666666667
imbalanced_minor,ce,seed_2,19,0.5646666666666667,0.9178274284737808,0.5646666666666667,0.6812162083002428,0.6812162083002427,0.837,0.8370000000000001
imbalanced_minor,ce,seed_2,20,0.6006666666666667,0.9108366402116402,0.6006666666666667,0.7028642343013155,0.7028642343013154,0.8463333333333334,0.8463333333333333
imbalanced_minor,ce,seed_18,1,0.024,0.6459416863672183,0.023999999999999997,0.045518500802469414,0.04551850080246941,0.26166666666666666,0.26166666666666666
imbalanced_minor,ce,seed_18,2,0.34933333333333333,0.8555241088886637,0.34933333333333333,0.463664552096623,0.463664552096623,0.7413333333333333,0.7413333333333334
imbalanced_minor,ce,seed_18,3,0.331,0.8492503147316519,0.331,0.4585617944425117,0.45856179444251166,0.7063333333333334,0.7063333333333333
imbalanced_minor,ce,seed_18,4,0.36566666666666664,0.8645721746492581,0.36566666666666664,0.5089028915820578,0.5089028915820578,0.789,0.789
imbalanced_minor,ce,seed_18,5,0.371,0.8945920647248946,0.371,0.5186389588787828,0.5186389588787828,0.8116666666666666,0.8116666666666666
imbalanced_minor,ce,seed_18,6,0.379,0.89525034985154,0.379,0.5257042389241441,0.5257042389241441,0.7443333333333333,0.7443333333333334
imbalanced_minor,ce,seed_18,7,0.387,0.9031511834530995,0.387,0.5243961299360008,0.5243961299360007,0.747,0.747
imbalanced_minor,ce,seed_18,8,0.46366666666666667,0.9033519391245078,0.46366666666666667,0.5911977268782209,0.5911977268782209,0.8036666666666666,0.8036666666666666
imbalanced_minor,ce,seed_18,9,0.498,0.9189165031589526,0.498,0.6277428378073538,0.627742837807354,0.7953333333333333,0.7953333333333333
imbalanced_minor,ce,seed_18,10,0.45266666666666666,0.9295873916800973,0.4526666666666667,0.5820445631732417,0.5820445631732417,0.768,0.7680000000000001
imbalanced_minor,ce,seed_18,11,0.571,0.9100915634421439,0.571,0.6756324226918315,0.6756324226918317,0.8303333333333334,0.8303333333333334
imbalanced_minor,ce,seed_18,12,0.5786666666666667,0.8968500870517401,0.5786666666666667,0.6982200237220052,0.6982200237220052,0.8696666666666667,0.8696666666666667
imbalanced_minor,ce,seed_18,13,0.5723333333333334,0.9181085019704042,0.5723333333333332,0.6812231608887668,0.6812231608887668,0.8416666666666667,0.8416666666666667
imbalanced_minor,ce,seed_18,14,0.5553333333333333,0.9102985638699925,0.5553333333333333,0.6678629219117905,0.6678629219117906,0.817,0.8170000000000001
imbalanced_minor,ce,seed_18,15,0.4736666666666667,0.933402766231449,0.4736666666666667,0.6185722283612104,0.6185722283612104,0.822,0.8220000000000001
imbalanced_minor,ce,seed_18,16,0.5076666666666667,0.933440944659938,0.5076666666666667,0.6307947184231387,0.6307947184231388,0.79,0.79
imbalanced_minor,ce,seed_18,17,0.4856666666666667,0.9166546205022829,0.4856666666666667,0.6078702991629965,0.6078702991629965,0.8053333333333333,0.8053333333333333
imbalanced_minor,ce,seed_18,18,0.5096666666666667,0.9405883424270267,0.5096666666666666,0.6533337668577508,0.6533337668577508,0.8216666666666667,0.8216666666666667
imbalanced_minor,ce,seed_18,19,0.455,0.9278240265582038,0.455,0.5943628192404645,0.5943628192404645,0.8063333333333333,0.8063333333333333
imbalanced_minor,ce,seed_18,20,0.49133333333333334,0.9269039289089661,0.49133333333333334,0.615785993097891,0.615785993097891,0.7803333333333333,0.7803333333333334
imbalanced_minor,ce,seed_33,1,0.08533333333333333,0.6786153575821472,0.08533333333333333,0.13615165087747377,0.13615165087747377,0.44233333333333336,0.4423333333333333
imbalanced_minor,ce,seed_33,2,0.2966666666666667,0.8145964000248397,0.2966666666666667,0.38853628315263994,0.38853628315263994,0.695,0.695
imbalanced_minor,ce,seed_33,3,0.469,0.872269003646234,0.46900000000000003,0.5904820637935254,0.5904820637935254,0.8106666666666666,0.8106666666666666
imbalanced_minor,ce,seed_33,4,0.4023333333333333,0.9028634420015811,0.4023333333333334,0.5316356335960258,0.5316356335960258,0.8003333333333333,0.8003333333333332
imbalanced_minor,ce,seed_33,5,0.518,0.880611456898782,0.5179999999999999,0.6363414922254176,0.6363414922254176,0.8236666666666667,0.8236666666666667
imbalanced_minor,ce,seed_33,6,0.508,0.8970009374306048,0.508,0.6297820252155338,0.6297820252155338,0.8136666666666666,0.8136666666666666
imbalanced_minor,ce,seed_33,7,0.49733333333333335,0.9114611490527168,0.49733333333333335,0.6311147498082598,0.6311147498082598,0.839,0.839
imbalanced_minor,ce,seed_33,8,0.587,0.9152523102432214,0.5870000000000001,0.7073251875632595,0.7073251875632596,0.8926666666666667,0.8926666666666666
imbalanced_minor,ce,seed_33,9,0.5046666666666667,0.9163553196138539,0.5046666666666667,0.6461542340732772,0.6461542340732772,0.8483333333333334,0.8483333333333333
imbalanced_minor,ce,seed_33,10,0.47833333333333333,0.935842786083406,0.47833333333333333,0.6178682116334983,0.6178682116334983,0.809,0.809
imbalanced_minor,ce,seed_33,11,0.494,0.9107367653879281,0.494,0.6367720510095152,0.6367720510095152,0.8366666666666667,0.8366666666666666
imbalanced_minor,ce,seed_33,12,0.4633333333333333,0.9269678380219638,0.4633333333333333,0.6128501261705747,0.6128501261705747,0.8203333333333334,0.8203333333333332
imbalanced_minor,ce,seed_33,13,0.44033333333333335,0.9339266610707879,0.4403333333333333,0.5832320358636148,0.5832320358636148,0.7226666666666667,0.7226666666666667
imbalanced_minor,ce,seed_33,14,0.4816666666666667,0.9267118188275285,0.4816666666666667,0.6273936490882343,0.6273936490882343,0.8046666666666666,0.8046666666666665
imbalanced_minor,ce,seed_33,15,0.5006666666666667,0.9217882434223864,0.5006666666666667,0.6447158153035758,0.6447158153035759,0.8413333333333334,0.8413333333333334
imbalanced_minor,ce,seed_33,16,0.5856666666666667,0.9228692129295496,0.5856666666666667,0.704895683272218,0.7048956832722179,0.857,0.8570000000000001
imbalanced_minor,ce,seed_33,17,0.599,0.9320741541428519,0.5990000000000001,0.7191314883470117,0.7191314883470117,0.8656666666666667,0.8656666666666667
imbalanced_minor,ce,seed_33,18,0.473,0.9282118539418941,0.47300000000000003,0.6212021379144373,0.6212021379144372,0.837,0.8370000000000001
imbalanced_minor,ce,seed_33,19,0.481,0.9311549119277066,0.48100000000000004,0.6060760508112635,0.6060760508112635,0.8016666666666666,0.8016666666666666
imbalanced_minor,ce,seed_33,20,0.5573333333333333,0.9269665958862116,0.5573333333333333,0.6878363103113142,0.6878363103113143,0.8446666666666667,0.8446666666666666
imbalanced_minor,ce,seed_45,1,0.0,0.0,0.0,0.0,0.0,0.14733333333333334,0.14733333333333334
imbalanced_minor,ce,seed_45,2,0.3406666666666667,0.8781849551414768,0.3406666666666667,0.4640314852035999,0.4640314852035998,0.6546666666666666,0.6546666666666666
imbalanced_minor,ce,seed_45,3,0.31033333333333335,0.8919154213233589,0.31033333333333335,0.4483572523076373,0.4483572523076373,0.7136666666666667,0.7136666666666667
imbalanced_minor,ce,seed_45,4,0.324,0.8892645728388905,0.324,0.47382215785391013,0.4738221578539102,0.7793333333333333,0.7793333333333333
imbalanced_minor,ce,seed_45,5,0.3453333333333333,0.9077273400224767,0.3453333333333333,0.4945297329696037,0.4945297329696036,0.803,0.8029999999999999
imbalanced_minor,ce,seed_45,6,0.44533333333333336,0.9221273719652089,0.44533333333333336,0.5990202854973612,0.5990202854973613,0.8086666666666666,0.8086666666666668
imbalanced_minor,ce,seed_45,7,0.49933333333333335,0.9143277188770081,0.49933333333333335,0.6446007922390301,0.6446007922390301,0.8533333333333334,0.8533333333333334
imbalanced_minor,ce,seed_45,8,0.419,0.9237163802381194,0.41900000000000004,0.5704085358808125,0.5704085358808124,0.8603333333333333,0.8603333333333333
imbalanced_minor,ce,seed_45,9,0.5103333333333333,0.9215073892826031,0.5103333333333334,0.6484498128717977,0.6484498128717977,0.8676666666666667,0.8676666666666667
imbalanced_minor,ce,seed_45,10,0.389,0.9394143919353048,0.389,0.5465123039973411,0.5465123039973411,0.8316666666666667,0.8316666666666667
imbalanced_minor,ce,seed_45,11,0.4776666666666667,0.9375772157555756,0.4776666666666667,0.6287826105585103,0.6287826105585103,0.8203333333333334,0.8203333333333332
imbalanced_minor,ce,seed_45,12,0.49833333333333335,0.9421623592442904,0.49833333333333335,0.6453258312838631,0.645325831283863,0.8176666666666667,0.8176666666666667
imbalanced_minor,ce,seed_45,13,0.5,0.9468225812152969,0.5,0.6470833623341875,0.6470833623341875,0.8326666666666667,0.8326666666666666
imbalanced_minor,ce,seed_45,14,0.5196666666666667,0.941112127503589,0.5196666666666666,0.6560644589668688,0.6560644589668688,0.8493333333333334,0.8493333333333334
imbalanced_minor,ce,seed_45,15,0.603,0.9430693795705681,0.603,0.7230330941530246,0.7230330941530246,0.8626666666666667,0.8626666666666667
imbalanced_minor,ce,seed_45,16,0.5786666666666667,0.9277355108751744,0.5786666666666667,0.6976477482388358,0.6976477482388358,0.8623333333333333,0.8623333333333333
imbalanced_minor,ce,seed_45,17,0.5313333333333333,0.9380945991413755,0.5313333333333333,0.6697419892083318,0.6697419892083318,0.8216666666666667,0.8216666666666667
imbalanced_minor,ce,seed_45,18,0.5333333333333333,0.9405672026882664,0.5333333333333333,0.6661082799415675,0.6661082799415675,0.8353333333333334,0.8353333333333333
imbalanced_minor,ce,seed_45,19,0.5053333333333333,0.9415624168530531,0.5053333333333333,0.6511705165788886,0.6511705165788886,0.8426666666666667,0.8426666666666667
imbalanced_minor,ce,seed_45,20,0.587,0.9354966446086035,0.5870000000000001,0.7168983756328355,0.7168983756328355,0.8706666666666667,0.8706666666666667
imbalanced_minor,ce,seed_255,1,0.008333333333333333,0.5632183908045977,0.008333333333333333,0.016274313563378443,0.016274313563378443,0.209,0.209
imbalanced_minor,ce,seed_255,2,0.181,0.835731611136739,0.18099999999999997,0.2892443754492619,0.28924437544926196,0.5373333333333333,0.5373333333333333
imbalanced_minor,ce,seed_255,3,0.405,0.8928226956455808,0.405,0.5335118531905251,0.5335118531905251,0.7796666666666666,0.7796666666666666
imbalanced_minor,ce,seed_255,4,0.366,0.9107053384224981,0.36600000000000005,0.5056078893678994,0.5056078893678994,0.7756666666666666,0.7756666666666666
imbalanced_minor,ce,seed_255,5,0.3903333333333333,0.9184461312100488,0.39033333333333337,0.5262153824554369,0.5262153824554369,0.75,0.75
imbalanced_minor,ce,seed_255,6,0.43333333333333335,0.9174603320912861,0.43333333333333335,0.5590985175912315,0.5590985175912315,0.7383333333333333,0.7383333333333333
imbalanced_minor,ce,seed_255,7,0.43733333333333335,0.9141876379067808,0.43733333333333335,0.5824361031022629,0.5824361031022628,0.7946666666666666,0.7946666666666666
imbalanced_minor,ce,seed_255,8,0.5546666666666666,0.8983952050809277,0.5546666666666666,0.6807907764117139,0.6807907764117138,0.8606666666666667,0.8606666666666666
imbalanced_minor,ce,seed_255,9,0.49633333333333335,0.916906595151379,0.49633333333333335,0.6228891666875146,0.6228891666875146,0.85,0.85
imbalanced_minor,ce,seed_255,10,0.463,0.90560471406891,0.463,0.6102946917712726,0.6102946917712726,0.8366666666666667,0.8366666666666666
imbalanced_minor,ce,seed_255,11,0.473,0.9057484644836874,0.47300000000000003,0.6139686864494555,0.6139686864494555,0.8183333333333334,0.8183333333333334
imbalanced_minor,ce,seed_255,12,0.49533333333333335,0.9152149541829052,0.4953333333333334,0.619573129954924,0.619573129954924,0.808,0.8079999999999999
imbalanced_minor,ce,seed_255,13,0.5576666666666666,0.9137181013745922,0.5576666666666666,0.676417478171219,0.676417478171219,0.8583333333333333,0.8583333333333334
imbalanced_minor,ce,seed_255,14,0.5066666666666667,0.9180061391599853,0.5066666666666667,0.6436779154857484,0.6436779154857485,0.8116666666666666,0.8116666666666666
imbalanced_minor,ce,seed_255,15,0.541,0.9166198153040259,0.541,0.6708385344585578,0.6708385344585578,0.8256666666666667,0.8256666666666667
imbalanced_minor,ce,seed_255,16,0.523,0.9358844048093916,0.523,0.6627764781595219,0.6627764781595219,0.8183333333333334,0.8183333333333334
imbalanced_minor,ce,seed_255,17,0.601,0.9249156679764322,0.601,0.7083837454113578,0.7083837454113578,0.8573333333333333,0.8573333333333334
imbalanced_minor,ce,seed_255,18,0.5476666666666666,0.9302531086942144,0.5476666666666666,0.6646924413254416,0.6646924413254416,0.839,0.839
imbalanced_minor,ce,seed_255,19,0.5573333333333333,0.9151094866224545,0.5573333333333333,0.6812678773977939,0.6812678773977939,0.8536666666666667,0.8536666666666667
imbalanced_minor,ce,seed_255,20,0.6083333333333333,0.9206727229875021,0.6083333333333333,0.7247598067561851,0.7247598067561851,0.868,0.868
imbalanced_minor,class_balanced_loss,seed_2,1,0.161,0.7652347327272931,0.161,0.24374818956479538,0.24374818956479535,0.5593333333333333,0.5593333333333333
imbalanced_minor,class_balanced_loss,seed_2,2,0.422,0.8164561124273465,0.422,0.514198204036231,0.514198204036231,0.7523333333333333,0.7523333333333332
imbalanced_minor,class_balanced_loss,seed_2,3,0.44033333333333335,0.8985678430461626,0.4403333333333333,0.5499120902332453,0.5499120902332453,0.661,0.661
imbalanced_minor,class_balanced_loss,seed_2,4,0.5653333333333334,0.8812064096255057,0.5653333333333334,0.6782265747392726,0.6782265747392727,0.7953333333333333,0.7953333333333333
imbalanced_minor,class_balanced_loss,seed_2,5,0.5833333333333334,0.9140547739993735,0.5833333333333334,0.6967018478094177,0.6967018478094175,0.7913333333333333,0.7913333333333333
imbalanced_minor,class_balanced_loss,seed_2,6,0.5273333333333333,0.9239822864559767,0.5273333333333333,0.6641341507579348,0.6641341507579348,0.721,0.721
imbalanced_minor,class_balanced_loss,seed_2,7,0.5033333333333333,0.9243456815677392,0.5033333333333333,0.6371825572222253,0.6371825572222253,0.7393333333333333,0.7393333333333333
imbalanced_minor,class_balanced_loss,seed_2,8,0.44666666666666666,0.9338831557613284,0.4466666666666667,0.5893688133329724,0.5893688133329724,0.6636666666666666,0.6636666666666667
imbalanced_minor,class_balanced_loss,seed_2,9,0.6026666666666667,0.9312759187858807,0.6026666666666667,0.7240768345461922,0.7240768345461922,0.7903333333333333,0.7903333333333333
imbalanced_minor,class_balanced_loss,seed_2,10,0.5536666666666666,0.9269360269360268,0.5536666666666666,0.6837315009354402,0.6837315009354403,0.731,0.731
imbalanced_minor,class_balanced_loss,seed_2,11,0.5653333333333334,0.9301717200793194,0.5653333333333334,0.6946372951025083,0.694637295102508,0.7756666666666666,0.7756666666666666
imbalanced_minor,class_balanced_loss,seed_2,12,0.6316666666666667,0.9322871403223213,0.6316666666666667,0.7364981309304505,0.7364981309304505,0.8006666666666666,0.8006666666666667
imbalanced_minor,class_balanced_loss,seed_2,13,0.6286666666666667,0.9341652106845477,0.6286666666666667,0.7500644010542271,0.750064401054227,0.8246666666666667,0.8246666666666668
imbalanced_minor,class_balanced_loss,seed_2,14,0.5433333333333333,0.9400260223872223,0.5433333333333333,0.6786344649117829,0.6786344649117829,0.7413333333333333,0.7413333333333334
imbalanced_minor,class_balanced_loss,seed_2,15,0.598,0.9413744490161543,0.598,0.7092749556334305,0.7092749556334305,0.7653333333333333,0.7653333333333334
imbalanced_minor,class_balanced_loss,seed_2,16,0.6623333333333333,0.922706573695669,0.6623333333333333,0.7607680484577669,0.7607680484577669,0.85,0.85
imbalanced_minor,class_balanced_loss,seed_2,17,0.5893333333333334,0.9423346287341486,0.5893333333333334,0.7033619387014145,0.7033619387014146,0.7906666666666666,0.7906666666666666
imbalanced_minor,class_balanced_loss,seed_2,18,0.5773333333333334,0.8759836817480323,0.5773333333333334,0.6666069114818481,0.666606911481848,0.7376666666666667,0.7376666666666667
imbalanced_minor,class_balanced_loss,seed_2,19,0.6456666666666667,0.9351830113421616,0.6456666666666667,0.7385976525483184,0.7385976525483183,0.815,0.8150000000000001
imbalanced_minor,class_balanced_loss,seed_2,20,0.5876666666666667,0.9191066066066066,0.5876666666666667,0.7158051877697885,0.7158051877697885,0.81,0.81
imbalanced_minor,class_balanced_loss,seed_18,1,0.335,0.7216435393314552,0.33499999999999996,0.3954179457563723,0.39541794575637235,0.8253333333333334,0.8253333333333334
imbalanced_minor,class_balanced_loss,seed_18,2,0.44166666666666665,0.8291472975457689,0.44166666666666665,0.5715581810853109,0.571558181085311,0.8316666666666667,0.8316666666666667
imbalanced_minor,class_balanced_loss,seed_18,3,0.607,0.8563773913835386,0.607,0.6990571315402967,0.6990571315402967,0.873,0.8729999999999999
imbalanced_minor,class_balanced_loss,seed_18,4,0.587,0.887172356476154,0.5870000000000001,0.69326853283776,0.6932685328377601,0.8386666666666667,0.8386666666666667
imbalanced_minor,class_balanced_loss,seed_18,5,0.525,0.9109966519928205,0.525,0.6498889782490208,0.6498889782490208,0.7846666666666666,0.7846666666666667
imbalanced_minor,class_balanced_loss,seed_18,6,0.5333333333333333,0.9213275557719115,0.5333333333333333,0.6619624877421718,0.6619624877421718,0.7773333333333333,0.7773333333333333
imbalanced_minor,class_balanced_loss,seed_18,7,0.365,0.9158183175540398,0.365,0.5067454391004806,0.5067454391004806,0.6283333333333333,0.6283333333333333
imbalanced_minor,class_balanced_loss,seed_18,8,0.4856666666666667,0.9205760501748131,0.4856666666666667,0.6052159766151544,0.6052159766151544,0.7296666666666667,0.7296666666666667
imbalanced_minor,class_balanced_loss,seed_18,9,0.6113333333333333,0.9052522028967237,0.6113333333333334,0.7254264073487722,0.7254264073487722,0.8093333333333333,0.8093333333333333
imbalanced_minor,class_balanced_loss,seed_18,10,0.5556666666666666,0.9019606443509381,0.5556666666666666,0.6761008409793107,0.6761008409793106,0.8013333333333333,0.8013333333333333
imbalanced_minor,class_balanced_loss,seed_18,11,0.475,0.919488466376371,0.4749999999999999,0.6125048721763907,0.6125048721763907,0.7253333333333334,0.7253333333333334
imbalanced_minor,class_balanced_loss,seed_18,12,0.6056666666666667,0.9115099818807799,0.6056666666666667,0.7010591848199871,0.701059184819987,0.781,0.781
imbalanced_minor,class_balanced_loss,seed_18,13,0.5783333333333334,0.9415758495896367,0.5783333333333333,0.6983856738097837,0.6983856738097837,0.7636666666666667,0.7636666666666666
imbalanced_minor,class_balanced_loss,seed_18,14,0.5616666666666666,0.9271021669632807,0.5616666666666666,0.6875568616646378,0.6875568616646378,0.7866666666666666,0.7866666666666666
imbalanced_minor,class_balanced_loss,seed_18,15,0.6186666666666667,0.8981215735470999,0.6186666666666667,0.7222481345254982,0.7222481345254981,0.8243333333333334,0.8243333333333333
imbalanced_minor,class_balanced_loss,seed_18,16,0.59,0.9325928990972344,0.59,0.7221751136193447,0.7221751136193447,0.806,0.806
imbalanced_minor,class_balanced_loss,seed_18,17,0.5433333333333333,0.9390142305415651,0.5433333333333333,0.6806084700539139,0.6806084700539138,0.7863333333333333,0.7863333333333333
imbalanced_minor,class_balanced_loss,seed_18,18,0.5456666666666666,0.9303427687975537,0.5456666666666666,0.6815908951022808,0.6815908951022809,0.781,0.781
imbalanced_minor,class_balanced_loss,seed_18,19,0.5923333333333334,0.9329282992624672,0.5923333333333333,0.7201248281839878,0.7201248281839877,0.818,0.8180000000000001
imbalanced_minor,class_balanced_loss,seed_18,20,0.611,0.9369134338229964,0.611,0.7373554460588035,0.7373554460588035,0.8276666666666667,0.8276666666666667
imbalanced_minor,class_balanced_loss,seed_33,1,0.31366666666666665,0.6979649942879442,0.3136666666666667,0.42145864233155866,0.4214586423315586,0.6606666666666666,0.6606666666666666
imbalanced_minor,class_balanced_loss,seed_33,2,0.6006666666666667,0.8045222907479269,0.6006666666666667,0.6367644103946217,0.6367644103946217,0.8456666666666667,0.8456666666666667
imbalanced_minor,class_balanced_loss,seed_33,3,0.5886666666666667,0.8441804358995509,0.5886666666666667,0.6660313866201907,0.6660313866201906,0.8623333333333333,0.8623333333333333
imbalanced_minor,class_balanced_loss,seed_33,4,0.6116666666666667,0.8745390408628576,0.6116666666666667,0.7093776591370515,0.7093776591370515,0.8933333333333333,0.8933333333333334
imbalanced_minor,class_balanced_loss,seed_33,5,0.624,0.8896744413890971,0.624,0.7297409104041971,0.7297409104041972,0.8893333333333333,0.8893333333333334
imbalanced_minor,class_balanced_loss,seed_33,6,0.6013333333333334,0.9214266004708462,0.6013333333333334,0.7162638481837974,0.7162638481837973,0.8373333333333334,0.8373333333333334
imbalanced_minor,class_balanced_loss,seed_33,7,0.6396666666666667,0.9236761700336539,0.6396666666666667,0.7493172885427337,0.7493172885427337,0.8416666666666667,0.8416666666666667
imbalanced_minor,class_balanced_loss,seed_33,8,0.6303333333333333,0.9154580590172298,0.6303333333333333,0.7378891980258442,0.7378891980258442,0.8716666666666667,0.8716666666666667
imbalanced_minor,class_balanced_loss,seed_33,9,0.5903333333333334,0.9392850377170076,0.5903333333333333,0.7160509555934933,0.7160509555934932,0.8163333333333334,0.8163333333333332
imbalanced_minor,class_balanced_loss,seed_33,10,0.569,0.9335534761680128,0.569,0.6919952079529228,0.6919952079529227,0.7886666666666666,0.7886666666666665
imbalanced_minor,class_balanced_loss,seed_33,11,0.5893333333333334,0.9394838145231846,0.5893333333333334,0.7195008460364248,0.7195008460364247,0.8106666666666666,0.8106666666666666
imbalanced_minor,class_balanced_loss,seed_33,12,0.7,0.9309904873911665,0.7000000000000001,0.7945071647448266,0.7945071647448267,0.8536666666666667,0.8536666666666667
imbalanced_minor,class_balanced_loss,seed_33,13,0.5736666666666667,0.9342716953619892,0.5736666666666667,0.6974322347677729,0.6974322347677728,0.792,0.7919999999999999
imbalanced_minor,class_balanced_loss,seed_33,14,0.578,0.950256483598233,0.578,0.7106649707244617,0.7106649707244616,0.7923333333333333,0.7923333333333332
imbalanced_minor,class_balanced_loss,seed_33,15,0.6266666666666667,0.9044907862318331,0.6266666666666666,0.7268826714249679,0.7268826714249679,0.8153333333333334,0.8153333333333332
imbalanced_minor,class_balanced_loss,seed_33,16,0.637,0.9288669649611268,0.637,0.7456405557277362,0.7456405557277364,0.7926666666666666,0.7926666666666667
imbalanced_minor,class_balanced_loss,seed_33,17,0.5683333333333334,0.9357385843604042,0.5683333333333334,0.68350155622011,0.68350155622011,0.7783333333333333,0.7783333333333333
imbalanced_minor,class_balanced_loss,seed_33,18,0.6526666666666666,0.9444459053753601,0.6526666666666666,0.7647840663750061,0.7647840663750061,0.827,0.827
imbalanced_minor,class_balanced_loss,seed_33,19,0.6423333333333333,0.9174373951087778,0.6423333333333333,0.7407158845902182,0.7407158845902183,0.8056666666666666,0.8056666666666666
imbalanced_minor,class_balanced_loss,seed_33,20,0.6223333333333333,0.9350773814178229,0.6223333333333333,0.7315995613786294,0.7315995613786294,0.7963333333333333,0.7963333333333332
imbalanced_minor,class_balanced_loss,seed_45,1,0.23966666666666667,0.7180617450751255,0.23966666666666667,0.3408942811845396,0.34089428118453957,0.5593333333333333,0.5593333333333333
imbalanced_minor,class_balanced_loss,seed_45,2,0.478,0.80051919373259,0.478,0.5625841823764082,0.5625841823764083,0.7453333333333333,0.7453333333333333
imbalanced_minor,class_balanced_loss,seed_45,3,0.5753333333333334,0.8344936606794336,0.5753333333333334,0.6444604641939674,0.6444604641939674,0.857,0.8569999999999999
imbalanced_minor,class_balanced_loss,seed_45,4,0.58,0.8871796038839236,0.58,0.6850184573713985,0.6850184573713987,0.8226666666666667,0.8226666666666667
imbalanced_minor,class_balanced_loss,seed_45,5,0.602,0.9125266164235435,0.602,0.7201162395221505,0.7201162395221505,0.861,0.8610000000000001
imbalanced_minor,class_balanced_loss,seed_45,6,0.553,0.9244848162337584,0.553,0.6873796864574127,0.6873796864574127,0.8286666666666667,0.8286666666666666
imbalanced_minor,class_balanced_loss,seed_45,7,0.5433333333333333,0.9180091594541199,0.5433333333333333,0.6737033132565219,0.673703313256522,0.7823333333333333,0.7823333333333333
imbalanced_minor,class_balanced_loss,seed_45,8,0.5643333333333334,0.9176935436477421,0.5643333333333334,0.6919471806389814,0.6919471806389814,0.809,0.809
imbalanced_minor,class_balanced_loss,seed_45,9,0.521,0.9236351270303524,0.521,0.6648356089750015,0.6648356089750015,0.777,0.777
imbalanced_minor,class_balanced_loss,seed_45,10,0.5446666666666666,0.9371630388143869,0.5446666666666667,0.6854223071614376,0.6854223071614376,0.775,0.775
imbalanced_minor,class_balanced_loss,seed_45,11,0.5963333333333334,0.9117882625762683,0.5963333333333334,0.7183955154425116,0.7183955154425117,0.8363333333333334,0.8363333333333333
imbalanced_minor,class_balanced_loss,seed_45,12,0.635,0.9386545332866391,0.635,0.7444388502293185,0.7444388502293184,0.8046666666666666,0.8046666666666668
imbalanced_minor,class_balanced_loss,seed_45,13,0.606,0.9225215348596411,0.606,0.7290329216474668,0.7290329216474668,0.8103333333333333,0.8103333333333333
imbalanced_minor,class_balanced_loss,seed_45,14,0.68,0.9377008945963553,0.68,0.7863800575067291,0.7863800575067292,0.845,0.8450000000000001
imbalanced_minor,class_balanced_loss,seed_45,15,0.6003333333333334,0.9514415773782607,0.6003333333333333,0.7292704549925397,0.7292704549925397,0.7993333333333333,0.7993333333333333
imbalanced_minor,class_balanced_loss,seed_45,16,0.5343333333333333,0.9386014631365782,0.5343333333333333,0.6748886245062465,0.6748886245062465,0.803,0.8029999999999999
imbalanced_minor,class_balanced_loss,seed_45,17,0.5806666666666667,0.9328775288153645,0.5806666666666667,0.7048919150087117,0.7048919150087117,0.8046666666666666,0.8046666666666668
imbalanced_minor,class_balanced_loss,seed_45,18,0.5943333333333334,0.9570253857611064,0.5943333333333333,0.7235479552714811,0.7235479552714812,0.8053333333333333,0.8053333333333333
imbalanced_minor,class_balanced_loss,seed_45,19,0.643,0.9205224193459326,0.643,0.7496409359263881,0.7496409359263881,0.836,0.836
imbalanced_minor,class_balanced_loss,seed_45,20,0.6596666666666666,0.9554568966643759,0.6596666666666667,0.7719658000105983,0.7719658000105983,0.8403333333333334,0.8403333333333333
imbalanced_minor,class_balanced_loss,seed_255,1,0.32133333333333336,0.7478183988087417,0.3213333333333333,0.43838670807093405,0.43838670807093405,0.7703333333333333,0.7703333333333333
imbalanced_minor,class_balanced_loss,seed_255,2,0.45066666666666666,0.7406145097418553,0.4506666666666667,0.5050253514414949,0.5050253514414949,0.7936666666666666,0.7936666666666667
imbalanced_minor,class_balanced_loss,seed_255,3,0.5333333333333333,0.8240199456191394,0.5333333333333333,0.5859643777532341,0.5859643777532342,0.852,0.852
imbalanced_minor,class_balanced_loss,seed_255,4,0.515,0.8412216263523452,0.515,0.6199978013529218,0.6199978013529217,0.8413333333333334,0.8413333333333334
imbalanced_minor,class_balanced_loss,seed_255,5,0.635,0.8895242612053323,0.635,0.7203069680040975,0.7203069680040974,0.8306666666666667,0.8306666666666667
imbalanced_minor,class_balanced_loss,seed_255,6,0.5853333333333334,0.8730179279413721,0.5853333333333334,0.6876978692848196,0.6876978692848195,0.8213333333333334,0.8213333333333334
imbalanced_minor,class_balanced_loss,seed_255,7,0.58,0.8622132978200496,0.58,0.6750176252555727,0.6750176252555727,0.786,0.786
imbalanced_minor,class_balanced_loss,seed_255,8,0.5766666666666667,0.9088319350597716,0.5766666666666667,0.7013293280351043,0.7013293280351043,0.784,0.7839999999999999
imbalanced_minor,class_balanced_loss,seed_255,9,0.632,0.8704646460627221,0.632,0.71250369791784,0.7125036979178401,0.796,0.7959999999999999
imbalanced_minor,class_balanced_loss,seed_255,10,0.6473333333333333,0.9124412027850247,0.6473333333333333,0.7299302529128043,0.7299302529128041,0.7936666666666666,0.7936666666666667
imbalanced_minor,class_balanced_loss,seed_255,11,0.6526666666666666,0.918259353661777,0.6526666666666666,0.750101569064252,0.750101569064252,0.8113333333333334,0.8113333333333334
imbalanced_minor,class_balanced_loss,seed_255,12,0.66,0.908580860407926,0.66,0.7500178498636996,0.7500178498636995,0.8353333333333334,0.8353333333333334
imbalanced_minor,class_balanced_loss,seed_255,13,0.6523333333333333,0.9203186175326542,0.6523333333333333,0.7547645144256346,0.7547645144256345,0.8216666666666667,0.8216666666666667
imbalanced_minor,class_balanced_loss,seed_255,14,0.6813333333333333,0.9348705505082963,0.6813333333333333,0.784754303694824,0.7847543036948239,0.8576666666666667,0.8576666666666667
imbalanced_minor,class_balanced_loss,seed_255,15,0.6666666666666666,0.9057426499183961,0.6666666666666666,0.7648516847510324,0.7648516847510323,0.83,0.8300000000000001
imbalanced_minor,class_balanced_loss,seed_255,16,0.6623333333333333,0.9312187574281879,0.6623333333333333,0.7563392847815112,0.7563392847815112,0.8333333333333334,0.8333333333333334
imbalanced_minor,class_balanced_loss,seed_255,17,0.6503333333333333,0.9436678401894553,0.6503333333333333,0.762019791756651,0.7620197917566511,0.8226666666666667,0.8226666666666667
imbalanced_minor,class_balanced_loss,seed_255,18,0.6136666666666667,0.9190234851911843,0.6136666666666667,0.705291148941659,0.7052911489416591,0.799,0.7989999999999999
imbalanced_minor,class_balanced_loss,seed_255,19,0.6373333333333333,0.9423520116617374,0.6373333333333333,0.7504638524428416,0.7504638524428416,0.8263333333333334,0.8263333333333334
imbalanced_minor,class_balanced_loss,seed_255,20,0.612,0.9461955179509718,0.612,0.7431742148333984,0.7431742148333985,0.7793333333333333,0.7793333333333333
imbalanced_minor,focal_loss,seed_2,1,0.0003333333333333333,0.16666666666666666,0.0003333333333333333,0.000665335994677312,0.0006653359946773121,0.10833333333333334,0.10833333333333334
imbalanced_minor,focal_loss,seed_2,2,0.415,0.7873334606498349,0.41500000000000004,0.5280758120911573,0.5280758120911573,0.7196666666666667,0.7196666666666666
imbalanced_minor,focal_loss,seed_2,3,0.41833333333333333,0.8792736759001819,0.4183333333333333,0.5458837252000733,0.5458837252000733,0.7663333333333333,0.7663333333333333
imbalanced_minor,focal_loss,seed_2,4,0.5153333333333333,0.8992194934105165,0.5153333333333333,0.6517273326658288,0.6517273326658288,0.8313333333333334,0.8313333333333333
imbalanced_minor,focal_loss,seed_2,5,0.474,0.9074005512901754,0.474,0.6213566582001274,0.6213566582001274,0.7786666666666666,0.7786666666666666
imbalanced_minor,focal_loss,seed_2,6,0.444,0.9050609046679191,0.444,0.5833079560890014,0.5833079560890015,0.73,0.73
imbalanced_minor,focal_loss,seed_2,7,0.4646666666666667,0.9008513007377298,0.46466666666666673,0.6085041139642683,0.6085041139642682,0.7246666666666667,0.7246666666666667
imbalanced_minor,focal_loss,seed_2,8,0.3626666666666667,0.9114309351098479,0.3626666666666667,0.5110525829789955,0.5110525829789955,0.6913333333333334,0.6913333333333332
imbalanced_minor,focal_loss,seed_2,9,0.39566666666666667,0.8985912273523335,0.39566666666666667,0.5466797274191209,0.5466797274191209,0.719,0.719
imbalanced_minor,focal_loss,seed_2,10,0.415,0.9223770189894139,0.41500000000000004,0.5671693639672529,0.5671693639672529,0.7196666666666667,0.7196666666666666
imbalanced_minor,focal_loss,seed_2,11,0.4256666666666667,0.9359108773810322,0.42566666666666664,0.5689992382050121,0.5689992382050121,0.6946666666666667,0.6946666666666667
imbalanced_minor,focal_loss,seed_2,12,0.43433333333333335,0.9016150941397768,0.4343333333333333,0.5688985580895616,0.5688985580895616,0.7476666666666667,0.7476666666666666
imbalanced_minor,focal_loss,seed_2,13,0.433,0.9386005876475029,0.433,0.5865946126618317,0.5865946126618315,0.7746666666666666,0.7746666666666666
imbalanced_minor,focal_loss,seed_2,14,0.539,0.9339560887908501,0.539,0.663607636705254,0.663607636705254,0.7893333333333333,0.7893333333333333
imbalanced_minor,focal_loss,seed_2,15,0.589,0.930619722782875,0.589,0.7127984437278686,0.7127984437278686,0.8523333333333334,0.8523333333333333
imbalanced_minor,focal_loss,seed_2,16,0.5373333333333333,0.9266273945940492,0.5373333333333333,0.6654108302125096,0.6654108302125096,0.8176666666666667,0.8176666666666667
imbalanced_minor,focal_loss,seed_2,17,0.525,0.9292734969717076,0.525,0.6521566909917332,0.6521566909917332,0.8056666666666666,0.8056666666666666
imbalanced_minor,focal_loss,seed_2,18,0.521,0.9493149105989794,0.521,0.6548954776426927,0.6548954776426927,0.7976666666666666,0.7976666666666666
imbalanced_minor,focal_loss,seed_2,19,0.572,0.9470282916778601,0.572,0.692551899524088,0.692551899524088,0.8126666666666666,0.8126666666666668
imbalanced_minor,focal_loss,seed_2,20,0.5226666666666666,0.9455833630999081,0.5226666666666667,0.6647464389527196,0.6647464389527196,0.8126666666666666,0.8126666666666668
imbalanced_minor,focal_loss,seed_18,1,0.015333333333333332,0.23589743589743592,0.015333333333333332,0.028794992175273867,0.028794992175273867,0.169,0.169
imbalanced_minor,focal_loss,seed_18,2,0.22233333333333333,0.8466431975275093,0.22233333333333336,0.34341507810444133,0.3434150781044413,0.6583333333333333,0.6583333333333333
imbalanced_minor,focal_loss,seed_18,3,0.3606666666666667,0.9117724665548316,0.36066666666666664,0.5133854549592326,0.5133854549592327,0.75,0.75
imbalanced_minor,focal_loss,seed_18,4,0.36233333333333334,0.8883586109100227,0.36233333333333334,0.5032117646640637,0.5032117646640637,0.7356666666666667,0.7356666666666666
imbalanced_minor,focal_loss,seed_18,5,0.295,0.9103990941988447,0.295,0.4339879217435938,0.43398792174359374,0.7153333333333334,0.7153333333333333
imbalanced_minor,focal_loss,seed_18,6,0.3516666666666667,0.8866172730380267,0.3516666666666666,0.4893774808890788,0.4893774808890788,0.782,0.782
imbalanced_minor,focal_loss,seed_18,7,0.2786666666666667,0.8892665556541207,0.2786666666666667,0.41572526461625126,0.41572526461625126,0.7116666666666667,0.7116666666666666
imbalanced_minor,focal_loss,seed_18,8,0.2763333333333333,0.8915077856715486,0.2763333333333333,0.41928791980377494,0.4192879198037749,0.737,0.7370000000000001
imbalanced_minor,focal_loss,seed_18,9,0.28933333333333333,0.9158093893143592,0.28933333333333333,0.4379631448070949,0.437963144807095,0.7383333333333333,0.7383333333333333
imbalanced_minor,focal_loss,seed_18,10,0.435,0.9116461603680442,0.435,0.5841865074823321,0.5841865074823321,0.7863333333333333,0.7863333333333333
imbalanced_minor,focal_loss,seed_18,11,0.4136666666666667,0.902992361324317,0.4136666666666667,0.5645682523382078,0.5645682523382078,0.8,0.7999999999999999
imbalanced_minor,focal_loss,seed_18,12,0.31333333333333335,0.9242360093361559,0.31333333333333335,0.4622189537777602,0.46221895377776023,0.7433333333333333,0.7433333333333333
imbalanced_minor,focal_loss,seed_18,13,0.45066666666666666,0.9223465185462881,0.4506666666666667,0.5882590049787815,0.5882590049787815,0.7836666666666666,0.7836666666666666
imbalanced_minor,focal_loss,seed_18,14,0.4766666666666667,0.9191630184309334,0.4766666666666666,0.6245241546672239,0.6245241546672239,0.8353333333333334,0.8353333333333334
imbalanced_minor,focal_loss,seed_18,15,0.395,0.9302517348970768,0.395,0.5449951537605985,0.5449951537605985,0.7513333333333333,0.7513333333333333
imbalanced_minor,focal_loss,seed_18,16,0.46066666666666667,0.909756847284605,0.4606666666666667,0.6037925246374075,0.6037925246374075,0.799,0.7989999999999999
imbalanced_minor,focal_loss,seed_18,17,0.4533333333333333,0.9217326335668913,0.45333333333333337,0.6061659112758445,0.6061659112758445,0.818,0.818
imbalanced_minor,focal_loss,seed_18,18,0.403,0.934382685517854,0.403,0.5598467995758579,0.5598467995758578,0.7893333333333333,0.7893333333333333
imbalanced_minor,focal_loss,seed_18,19,0.43866666666666665,0.9143622800557107,0.4386666666666667,0.5864554166461174,0.5864554166461174,0.7683333333333333,0.7683333333333334
imbalanced_minor,focal_loss,seed_18,20,0.4186666666666667,0.9260957699293019,0.4186666666666667,0.5640131216390226,0.5640131216390227,0.737,0.7370000000000001
imbalanced_minor,focal_loss,seed_33,1,0.0,0.0,0.0,0.0,0.0,0.11766666666666667,0.11766666666666666
imbalanced_minor,focal_loss,seed_33,2,0.22633333333333333,0.8355810855810857,0.22633333333333336,0.3278309961171623,0.3278309961171623,0.611,0.6110000000000001
imbalanced_minor,focal_loss,seed_33,3,0.41,0.8263056065417903,0.41,0.5130321796514293,0.5130321796514293,0.7416666666666667,0.7416666666666667
imbalanced_minor,focal_loss,seed_33,4,0.41,0.8898407791589277,0.41,0.5394485626972333,0.5394485626972333,0.7876666666666666,0.7876666666666666
imbalanced_minor,focal_loss,seed_33,5,0.3466666666666667,0.9284888835377435,0.3466666666666667,0.48294688627165505,0.4829468862716551,0.6926666666666667,0.6926666666666667
imbalanced_minor,focal_loss,seed_33,6,0.47733333333333333,0.9174714604445858,0.47733333333333333,0.6110640344825404,0.6110640344825404,0.7766666666666666,0.7766666666666667
imbalanced_minor,focal_loss,seed_33,7,0.5026666666666667,0.9240606320737396,0.5026666666666667,0.6366770727484442,0.6366770727484442,0.8053333333333333,0.8053333333333333
imbalanced_minor,focal_loss,seed_33,8,0.5136666666666667,0.9294285122367946,0.5136666666666666,0.6441559116924559,0.6441559116924559,0.788,0.7879999999999999
imbalanced_minor,focal_loss,seed_33,9,0.47633333333333333,0.926050980057445,0.47633333333333333,0.5971731409694234,0.5971731409694234,0.7653333333333333,0.7653333333333334
imbalanced_minor,focal_loss,seed_33,10,0.5003333333333333,0.9210093537679347,0.5003333333333333,0.644465329258603,0.644465329258603,0.8023333333333333,0.8023333333333333
imbalanced_minor,focal_loss,seed_33,11,0.5066666666666667,0.9321291259382455,0.5066666666666667,0.6499446383216468,0.6499446383216468,0.7846666666666666,0.7846666666666667
imbalanced_minor,focal_loss,seed_33,12,0.49766666666666665,0.9459619564179155,0.49766666666666665,0.6290028308623338,0.6290028308623338,0.764,0.7639999999999999
imbalanced_minor,focal_loss,seed_33,13,0.4806666666666667,0.9260601069417184,0.48066666666666663,0.6157249404146857,0.6157249404146857,0.8206666666666667,0.8206666666666665
imbalanced_minor,focal_loss,seed_33,14,0.5053333333333333,0.928513137259985,0.5053333333333333,0.6462824156047621,0.6462824156047621,0.7793333333333333,0.7793333333333333
imbalanced_minor,focal_loss,seed_33,15,0.495,0.9329846714451863,0.49499999999999994,0.6426199279710453,0.6426199279710453,0.8153333333333334,0.8153333333333334
imbalanced_minor,focal_loss,seed_33,16,0.43266666666666664,0.9288081844477735,0.4326666666666667,0.5779584248728735,0.5779584248728735,0.7713333333333333,0.7713333333333333
imbalanced_minor,focal_loss,seed_33,17,0.46066666666666667,0.924116005436309,0.4606666666666667,0.609642015716342,0.609642015716342,0.7586666666666667,0.7586666666666666
imbalanced_minor,focal_loss,seed_33,18,0.47433333333333333,0.9134933879693808,0.47433333333333333,0.6150046728897571,0.6150046728897571,0.7773333333333333,0.7773333333333333
imbalanced_minor,focal_loss,seed_33,19,0.5076666666666667,0.9338077615109972,0.5076666666666666,0.6440211404921398,0.6440211404921399,0.805,0.805
imbalanced_minor,focal_loss,seed_33,20,0.468,0.9314745394717918,0.46799999999999997,0.6177883365233092,0.6177883365233092,0.8006666666666666,0.8006666666666667
imbalanced_minor,focal_loss,seed_45,1,0.006333333333333333,0.4166666666666667,0.006333333333333333,0.0124518298776081,0.0124518298776081,0.15633333333333332,0.15633333333333335
imbalanced_minor,focal_loss,seed_45,2,0.39766666666666667,0.8298851584726746,0.39766666666666667,0.5072656041446718,0.5072656041446717,0.663,0.6629999999999999
imbalanced_minor,focal_loss,seed_45,3,0.4083333333333333,0.8985647964142588,0.4083333333333334,0.5139403069711399,0.5139403069711399,0.7176666666666667,0.7176666666666667
imbalanced_minor,focal_loss,seed_45,4,0.44166666666666665,0.9240488816071503,0.44166666666666665,0.5906722182616196,0.5906722182616196,0.7823333333333333,0.7823333333333333
imbalanced_minor,focal_loss,seed_45,5,0.44766666666666666,0.896765822808309,0.44766666666666666,0.5899227641693283,0.5899227641693283,0.7673333333333333,0.7673333333333333
imbalanced_minor,focal_loss,seed_45,6,0.4856666666666667,0.9171401438068104,0.4856666666666667,0.6140744713027552,0.6140744713027552,0.7666666666666667,0.7666666666666666
imbalanced_minor,focal_loss,seed_45,7,0.35233333333333333,0.9339022189542211,0.35233333333333333,0.50545029817471,0.50545029817471,0.6946666666666667,0.6946666666666667
imbalanced_minor,focal_loss,seed_45,8,0.4156666666666667,0.9242990092473867,0.41566666666666663,0.5716061436549299,0.57160614365493,0.78,0.7799999999999999
imbalanced_minor,focal_loss,seed_45,9,0.328,0.9372093904473181,0.328,0.46627420321568974,0.46627420321568974,0.7533333333333333,0.7533333333333333
imbalanced_minor,focal_loss,seed_45,10,0.38566666666666666,0.9472677034986875,0.38566666666666666,0.5479145164076841,0.547914516407684,0.795,0.7949999999999999
imbalanced_minor,focal_loss,seed_45,11,0.3486666666666667,0.9424998327888939,0.3486666666666667,0.5084620341667229,0.5084620341667228,0.7506666666666667,0.7506666666666666
imbalanced_minor,focal_loss,seed_45,12,0.412,0.9448188807635812,0.412,0.5722426330534126,0.5722426330534126,0.7783333333333333,0.7783333333333333
imbalanced_minor,focal_loss,seed_45,13,0.5583333333333333,0.9283568518644607,0.5583333333333333,0.6870286606830961,0.6870286606830961,0.826,0.826
imbalanced_minor,focal_loss,seed_45,14,0.474,0.937399235069326,0.474,0.6258783924634158,0.6258783924634158,0.8056666666666666,0.8056666666666666
imbalanced_minor,focal_loss,seed_45,15,0.444,0.9320963050535758,0.444,0.5736336180995699,0.5736336180995699,0.7286666666666667,0.7286666666666667
imbalanced_minor,focal_loss,seed_45,16,0.54,0.9381088190652126,0.5399999999999999,0.684295663662113,0.684295663662113,0.845,0.8450000000000001
imbalanced_minor,focal_loss,seed_45,17,0.573,0.9316930976867456,0.5730000000000001,0.7054311386858556,0.7054311386858556,0.852,0.852
imbalanced_minor,focal_loss,seed_45,18,0.549,0.9451096078818456,0.5489999999999999,0.6839543567299992,0.6839543567299992,0.8243333333333334,0.8243333333333333
imbalanced_minor,focal_loss,seed_45,19,0.45066666666666666,0.9531156170889412,0.4506666666666667,0.6039436565188904,0.6039436565188903,0.7796666666666666,0.7796666666666666
imbalanced_minor,focal_loss,seed_45,20,0.514,0.9025852560201533,0.514,0.6507119555900044,0.6507119555900044,0.827,0.827
imbalanced_minor,focal_loss,seed_255,1,0.0,0.0,0.0,0.0,0.0,0.222,0.222
imbalanced_minor,focal_loss,seed_255,2,0.25666666666666665,0.8392487141687518,0.25666666666666665,0.3670205925840315,0.3670205925840316,0.6486666666666666,0.6486666666666666
imbalanced_minor,focal_loss,seed_255,3,0.32366666666666666,0.9245387602282018,0.32366666666666666,0.45492172880274295,0.454921728802743,0.686,0.6859999999999999
imbalanced_minor,focal_loss,seed_255,4,0.37633333333333335,0.9111328318486213,0.37633333333333335,0.5152840771888391,0.5152840771888391,0.7746666666666666,0.7746666666666666
imbalanced_minor,focal_loss,seed_255,5,0.2683333333333333,0.8915488814978955,0.26833333333333337,0.40766574640588077,0.4076657464058807,0.7753333333333333,0.7753333333333333
imbalanced_minor,focal_loss,seed_255,6,0.38766666666666666,0.9017971577865099,0.38766666666666666,0.5379992650941764,0.5379992650941764,0.7986666666666666,0.7986666666666666
imbalanced_minor,focal_loss,seed_255,7,0.4686666666666667,0.902787227458956,0.4686666666666666,0.6060222698513974,0.6060222698513974,0.8393333333333334,0.8393333333333334
imbalanced_minor,focal_loss,seed_255,8,0.413,0.8938884828731677,0.413,0.5429193540011777,0.5429193540011777,0.7836666666666666,0.7836666666666666
imbalanced_minor,focal_loss,seed_255,9,0.49566666666666664,0.9100255323772273,0.4956666666666667,0.6321332197600381,0.6321332197600381,0.828,0.828
imbalanced_minor,focal_loss,seed_255,10,0.538,0.9209765725548049,0.5379999999999999,0.6689737485610151,0.668973748561015,0.838,0.8380000000000001
imbalanced_minor,focal_loss,seed_255,11,0.5026666666666667,0.9114313026068986,0.5026666666666667,0.6359580681532239,0.6359580681532238,0.8033333333333333,0.8033333333333333
imbalanced_minor,focal_loss,seed_255,12,0.446,0.9074311662500797,0.446,0.5861174678760622,0.5861174678760623,0.744,0.7439999999999999
imbalanced_minor,focal_loss,seed_255,13,0.584,0.9209264478921323,0.584,0.6980426117933437,0.6980426117933436,0.8533333333333334,0.8533333333333334
imbalanced_minor,focal_loss,seed_255,14,0.5466666666666666,0.9294607948868262,0.5466666666666666,0.6746280620382666,0.6746280620382666,0.8276666666666667,0.8276666666666667
imbalanced_minor,focal_loss,seed_255,15,0.49233333333333335,0.9357175728215329,0.49233333333333335,0.6327197774796103,0.6327197774796103,0.807,0.8069999999999999
imbalanced_minor,focal_loss,seed_255,16,0.5166666666666667,0.9170330710433153,0.5166666666666667,0.642144971376071,0.642144971376071,0.8006666666666666,0.8006666666666667
imbalanced_minor,focal_loss,seed_255,17,0.5866666666666667,0.9122865039706087,0.5866666666666667,0.6997828795221169,0.6997828795221169,0.8423333333333334,0.8423333333333334
imbalanced_minor,focal_loss,seed_255,18,0.5326666666666666,0.9170838168065073,0.5326666666666666,0.6644744344120656,0.6644744344120657,0.8206666666666667,0.8206666666666665
imbalanced_minor,focal_loss,seed_255,19,0.5046666666666667,0.9081903980430631,0.5046666666666667,0.6472484694566941,0.6472484694566941,0.8266666666666667,0.8266666666666667
imbalanced_minor,focal_loss,seed_255,20,0.567,0.9108612716928355,0.5670000000000001,0.6966837758124561,0.696683775812456,0.8553333333333333,0.8553333333333333
imbalanced_minor,label_smoothing_ce,seed_2,1,0.0003333333333333333,0.3333333333333333,0.0003333333333333333,0.0006660006660006661,0.0006660006660006662,0.059333333333333335,0.05933333333333334
imbalanced_minor,label_smoothing_ce,seed_2,2,0.21766666666666667,0.8878118609406953,0.21766666666666665,0.28159205842330387,0.2815920584233038,0.5493333333333333,0.5493333333333333
imbalanced_minor,label_smoothing_ce,seed_2,3,0.26866666666666666,0.9114982222859966,0.26866666666666666,0.3927990618502068,0.39279906185020674,0.5916666666666667,0.5916666666666667
imbalanced_minor,label_smoothing_ce,seed_2,4,0.36733333333333335,0.9230364820834435,0.3673333333333333,0.5087586058450754,0.5087586058450754,0.6706666666666666,0.6706666666666666
imbalanced_minor,label_smoothing_ce,seed_2,5,0.44033333333333335,0.924612385860109,0.4403333333333333,0.5850971781372073,0.5850971781372073,0.7336666666666667,0.7336666666666667
imbalanced_minor,label_smoothing_ce,seed_2,6,0.49566666666666664,0.9322396466613125,0.4956666666666667,0.6169515542772963,0.6169515542772963,0.8026666666666666,0.8026666666666666
imbalanced_minor,label_smoothing_ce,seed_2,7,0.448,0.9383633633633633,0.448,0.5989511121343919,0.5989511121343919,0.7963333333333333,0.7963333333333334
imbalanced_minor,label_smoothing_ce,seed_2,8,0.5756666666666667,0.9256051735997509,0.5756666666666667,0.6942297311196071,0.6942297311196071,0.8506666666666667,0.8506666666666667
imbalanced_minor,label_smoothing_ce,seed_2,9,0.5566666666666666,0.9398163982490962,0.5566666666666666,0.6719773008807818,0.6719773008807818,0.8193333333333334,0.8193333333333334
imbalanced_minor,label_smoothing_ce,seed_2,10,0.5186666666666667,0.9366818378259354,0.5186666666666667,0.6565015047170569,0.6565015047170568,0.8153333333333334,0.8153333333333332
imbalanced_minor,label_smoothing_ce,seed_2,11,0.5536666666666666,0.9440535066647827,0.5536666666666666,0.6883052973474396,0.6883052973474396,0.8176666666666667,0.8176666666666667
imbalanced_minor,label_smoothing_ce,seed_2,12,0.5406666666666666,0.9423246357265728,0.5406666666666666,0.6820742404717617,0.6820742404717617,0.8026666666666666,0.8026666666666666
imbalanced_minor,label_smoothing_ce,seed_2,13,0.5356666666666666,0.9442872328775905,0.5356666666666666,0.6477883934798304,0.6477883934798305,0.7776666666666666,0.7776666666666667
imbalanced_minor,label_smoothing_ce,seed_2,14,0.6016666666666667,0.9361884454333348,0.6016666666666667,0.7253069004591257,0.7253069004591258,0.8386666666666667,0.8386666666666667
imbalanced_minor,label_smoothing_ce,seed_2,15,0.5466666666666666,0.9237608817729459,0.5466666666666667,0.6817634197321963,0.6817634197321963,0.8003333333333333,0.8003333333333332
imbalanced_minor,label_smoothing_ce,seed_2,16,0.5483333333333333,0.9466051435046462,0.5483333333333333,0.6848886734304204,0.6848886734304204,0.8013333333333333,0.8013333333333333
imbalanced_minor,label_smoothing_ce,seed_2,17,0.576,0.9391183633924681,0.576,0.7011773234390871,0.7011773234390871,0.7953333333333333,0.7953333333333333
imbalanced_minor,label_smoothing_ce,seed_2,18,0.542,0.9442630485493321,0.5419999999999999,0.6857297654841726,0.6857297654841725,0.833,0.8330000000000001
imbalanced_minor,label_smoothing_ce,seed_2,19,0.49666666666666665,0.949473822228442,0.49666666666666665,0.645549778561416,0.6455497785614162,0.7473333333333333,0.7473333333333333
imbalanced_minor,label_smoothing_ce,seed_2,20,0.6073333333333333,0.943192818705302,0.6073333333333334,0.7280009510240021,0.7280009510240022,0.8376666666666667,0.8376666666666667
imbalanced_minor,label_smoothing_ce,seed_18,1,0.003,0.23076923076923075,0.0029999999999999996,0.005923000987166831,0.005923000987166831,0.19166666666666668,0.19166666666666668
imbalanced_minor,label_smoothing_ce,seed_18,2,0.249,0.8159606155280272,0.249,0.3331903098952481,0.33319030989524817,0.6946666666666667,0.6946666666666667
imbalanced_minor,label_smoothing_ce,seed_18,3,0.2986666666666667,0.8712400398967008,0.2986666666666667,0.436585110395271,0.4365851103952709,0.6733333333333333,0.6733333333333333
imbalanced_minor,label_smoothing_ce,seed_18,4,0.39866666666666667,0.8997371245611162,0.39866666666666667,0.5395426022411682,0.5395426022411682,0.7676666666666667,0.7676666666666666
imbalanced_minor,label_smoothing_ce,seed_18,5,0.3893333333333333,0.9154115692145921,0.3893333333333333,0.5336800948254242,0.5336800948254242,0.742,0.742
imbalanced_minor,label_smoothing_ce,seed_18,6,0.39,0.9202426507129479,0.38999999999999996,0.5246592437695653,0.5246592437695653,0.7493333333333333,0.7493333333333334
imbalanced_minor,label_smoothing_ce,seed_18,7,0.41433333333333333,0.918066512569747,0.4143333333333334,0.5526376908794347,0.5526376908794347,0.7303333333333333,0.7303333333333333
imbalanced_minor,label_smoothing_ce,seed_18,8,0.45066666666666666,0.9256776592994589,0.4506666666666666,0.5953668520372822,0.5953668520372822,0.7753333333333333,0.7753333333333333
imbalanced_minor,label_smoothing_ce,seed_18,9,0.48,0.9132508101861866,0.48,0.6085348648697528,0.6085348648697528,0.7763333333333333,0.7763333333333332
imbalanced_minor,label_smoothing_ce,seed_18,10,0.54,0.9176428164175015,0.54,0.671933180264455,0.671933180264455,0.7853333333333333,0.7853333333333333
imbalanced_minor,label_smoothing_ce,seed_18,11,0.4826666666666667,0.9318014789978748,0.48266666666666663,0.6182500830855736,0.6182500830855736,0.7393333333333333,0.7393333333333333
imbalanced_minor,label_smoothing_ce,seed_18,12,0.559,0.9239543959290387,0.559,0.6914662371380044,0.6914662371380043,0.83,0.8300000000000001
imbalanced_minor,label_smoothing_ce,seed_18,13,0.49366666666666664,0.9363384178329145,0.4936666666666667,0.6315073514359719,0.6315073514359719,0.775,0.775
imbalanced_minor,label_smoothing_ce,seed_18,14,0.5833333333333334,0.9171703037189172,0.5833333333333334,0.7032921543866534,0.7032921543866534,0.8186666666666667,0.8186666666666667
imbalanced_minor,label_smoothing_ce,seed_18,15,0.5213333333333333,0.9282354047370549,0.5213333333333333,0.6478454511481728,0.6478454511481728,0.791,0.791
imbalanced_minor,label_smoothing_ce,seed_18,16,0.45566666666666666,0.9263368585293968,0.45566666666666666,0.5980853651795021,0.5980853651795021,0.747,0.747
imbalanced_minor,label_smoothing_ce,seed_18,17,0.5696666666666667,0.9357355447913299,0.5696666666666667,0.6986261154115602,0.6986261154115601,0.824,0.824
imbalanced_minor,label_smoothing_ce,seed_18,18,0.5096666666666667,0.9351611342408771,0.5096666666666666,0.6415118143155111,0.6415118143155111,0.8186666666666667,0.8186666666666667
imbalanced_minor,label_smoothing_ce,seed_18,19,0.518,0.9256877567493954,0.518,0.6596144226392093,0.6596144226392093,0.7883333333333333,0.7883333333333334
imbalanced_minor,label_smoothing_ce,seed_18,20,0.505,0.940611584708293,0.505,0.6376969300742102,0.6376969300742102,0.7913333333333333,0.7913333333333333
imbalanced_minor,label_smoothing_ce,seed_33,1,0.006666666666666667,0.30303030303030304,0.006666666666666667,0.01304631441617743,0.01304631441617743,0.148,0.148
imbalanced_minor,label_smoothing_ce,seed_33,2,0.21633333333333332,0.9320161686818639,0.21633333333333335,0.3111524465205351,0.3111524465205351,0.5513333333333333,0.5513333333333333
imbalanced_minor,label_smoothing_ce,seed_33,3,0.376,0.9172907481733467,0.37599999999999995,0.49071540704056976,0.49071540704056976,0.7023333333333334,0.7023333333333334
imbalanced_minor,label_smoothing_ce,seed_33,4,0.469,0.9090263936327957,0.46900000000000003,0.58551366749588,0.58551366749588,0.7496666666666667,0.7496666666666667
imbalanced_minor,label_smoothing_ce,seed_33,5,0.5113333333333333,0.8945860521980299,0.5113333333333333,0.6414698977062884,0.6414698977062884,0.7773333333333333,0.7773333333333333
imbalanced_minor,label_smoothing_ce,seed_33,6,0.47433333333333333,0.9252062803175206,0.47433333333333333,0.6180976784002882,0.6180976784002883,0.7623333333333333,0.7623333333333333
imbalanced_minor,label_smoothing_ce,seed_33,7,0.42133333333333334,0.9268971037625521,0.42133333333333334,0.5781253595182394,0.5781253595182394,0.7316666666666667,0.7316666666666666
imbalanced_minor,label_smoothing_ce,seed_33,8,0.37933333333333336,0.9392367381785371,0.3793333333333333,0.5353082580270084,0.5353082580270084,0.698,0.698
imbalanced_minor,label_smoothing_ce,seed_33,9,0.5166666666666667,0.9351696571976675,0.5166666666666667,0.6622414120101378,0.6622414120101376,0.7853333333333333,0.7853333333333333
imbalanced_minor,label_smoothing_ce,seed_33,10,0.486,0.9345203398899686,0.486,0.6343604540726875,0.6343604540726876,0.7893333333333333,0.7893333333333334
imbalanced_minor,label_smoothing_ce,seed_33,11,0.475,0.9260741787050639,0.47500000000000003,0.6252088352624087,0.6252088352624087,0.777,0.777
imbalanced_minor,label_smoothing_ce,seed_33,12,0.4166666666666667,0.9381654031948733,0.4166666666666667,0.5756606255676059,0.5756606255676059,0.7423333333333333,0.7423333333333334
imbalanced_minor,label_smoothing_ce,seed_33,13,0.514,0.9261884010344482,0.514,0.6524151403665447,0.6524151403665447,0.7943333333333333,0.7943333333333333
imbalanced_minor,label_smoothing_ce,seed_33,14,0.4653333333333333,0.9410408388585849,0.4653333333333333,0.6151225922467752,0.6151225922467752,0.7536666666666667,0.7536666666666667
imbalanced_minor,label_smoothing_ce,seed_33,15,0.4856666666666667,0.94550289826838,0.48566666666666664,0.6222720126586351,0.6222720126586351,0.7773333333333333,0.7773333333333333
imbalanced_minor,label_smoothing_ce,seed_33,16,0.5423333333333333,0.925469040692119,0.5423333333333333,0.6811934376473507,0.6811934376473507,0.8246666666666667,0.8246666666666668
imbalanced_minor,label_smoothing_ce,seed_33,17,0.543,0.9528969416209425,0.543,0.6843729010851675,0.6843729010851674,0.8276666666666667,0.8276666666666667
imbalanced_minor,label_smoothing_ce,seed_33,18,0.49966666666666665,0.9425421077678008,0.4996666666666667,0.6427915605748533,0.6427915605748533,0.792,0.7919999999999999
imbalanced_minor,label_smoothing_ce,seed_33,19,0.4226666666666667,0.9300256807609749,0.4226666666666667,0.5684772972333675,0.5684772972333675,0.731,0.731
imbalanced_minor,label_smoothing_ce,seed_33,20,0.536,0.9503232593115385,0.536,0.6736397675176949,0.673639767517695,0.8,0.7999999999999999
imbalanced_minor,label_smoothing_ce,seed_45,1,0.005666666666666667,0.3333333333333333,0.005666666666666667,0.011143887250081941,0.011143887250081941,0.378,0.37799999999999995
imbalanced_minor,label_smoothing_ce,seed_45,2,0.4093333333333333,0.8537597772448297,0.4093333333333333,0.5365167050665988,0.5365167050665988,0.7996666666666666,0.7996666666666666
imbalanced_minor,label_smoothing_ce,seed_45,3,0.452,0.8671091908750123,0.452,0.5796025084891253,0.5796025084891253,0.818,0.818
imbalanced_minor,label_smoothing_ce,seed_45,4,0.5123333333333333,0.8854839451588005,0.5123333333333333,0.6478506600919068,0.6478506600919068,0.869,0.8690000000000001
imbalanced_minor,label_smoothing_ce,seed_45,5,0.4796666666666667,0.9146047657310739,0.4796666666666667,0.6213331036679556,0.6213331036679556,0.8123333333333334,0.8123333333333332
imbalanced_minor,label_smoothing_ce,seed_45,6,0.521,0.8964826452543226,0.521,0.6558234941400634,0.6558234941400634,0.8356666666666667,0.8356666666666667
imbalanced_minor,label_smoothing_ce,seed_45,7,0.465,0.8978260659616591,0.465,0.6010495162497068,0.6010495162497068,0.7963333333333333,0.7963333333333334
imbalanced_minor,label_smoothing_ce,seed_45,8,0.521,0.9134695305361231,0.521,0.6525144227185399,0.6525144227185399,0.7943333333333333,0.7943333333333333
imbalanced_minor,label_smoothing_ce,seed_45,9,0.5243333333333333,0.890440239877272,0.5243333333333333,0.6501536909405466,0.6501536909405466,0.809,0.809
imbalanced_minor,label_smoothing_ce,seed_45,10,0.4116666666666667,0.9059256219861597,0.4116666666666667,0.5652644310349392,0.5652644310349392,0.7856666666666666,0.7856666666666667
imbalanced_minor,label_smoothing_ce,seed_45,11,0.4493333333333333,0.9239140233615372,0.44933333333333336,0.593547447481898,0.593547447481898,0.784,0.7839999999999999
imbalanced_minor,label_smoothing_ce,seed_45,12,0.534,0.9183880249303241,0.5339999999999999,0.6693080909367479,0.669308090936748,0.823,0.823
imbalanced_minor,label_smoothing_ce,seed_45,13,0.4066666666666667,0.9313694272344891,0.4066666666666667,0.5541601302306729,0.5541601302306729,0.7493333333333333,0.7493333333333334
imbalanced_minor,label_smoothing_ce,seed_45,14,0.5143333333333333,0.9285626750700281,0.5143333333333334,0.6516421541774419,0.651642154177442,0.7873333333333333,0.7873333333333333
imbalanced_minor,label_smoothing_ce,seed_45,15,0.48633333333333334,0.9308508107936958,0.48633333333333334,0.6362753437071494,0.6362753437071493,0.806,0.806
imbalanced_minor,label_smoothing_ce,seed_45,16,0.5843333333333334,0.9112253549995902,0.5843333333333334,0.7034941581476996,0.7034941581476997,0.8303333333333334,0.8303333333333334
imbalanced_minor,label_smoothing_ce,seed_45,17,0.49866666666666665,0.9099098218423859,0.49866666666666665,0.6125217821540859,0.6125217821540859,0.761,0.761
imbalanced_minor,label_smoothing_ce,seed_45,18,0.4176666666666667,0.9144758536950229,0.4176666666666667,0.553802384173096,0.553802384173096,0.6953333333333334,0.6953333333333332
imbalanced_minor,label_smoothing_ce,seed_45,19,0.4796666666666667,0.9310948937170132,0.4796666666666667,0.6291926308486505,0.6291926308486505,0.768,0.7679999999999999
imbalanced_minor,label_smoothing_ce,seed_45,20,0.4663333333333333,0.9296371099660573,0.4663333333333333,0.6057218980653564,0.6057218980653565,0.766,0.766
imbalanced_minor,label_smoothing_ce,seed_255,1,0.025333333333333333,0.6452991452991453,0.025333333333333333,0.04798108364085015,0.04798108364085015,0.25033333333333335,0.25033333333333335
imbalanced_minor,label_smoothing_ce,seed_255,2,0.266,0.7860202281223659,0.266,0.37838161880539684,0.37838161880539684,0.7003333333333334,0.7003333333333334
imbalanced_minor,label_smoothing_ce,seed_255,3,0.277,0.894211672752899,0.277,0.4071415841319945,0.40714158413199447,0.73,0.73
imbalanced_minor,label_smoothing_ce,seed_255,4,0.2776666666666667,0.9157310186261594,0.2776666666666667,0.42034744351783654,0.42034744351783654,0.6873333333333334,0.6873333333333332
imbalanced_minor,label_smoothing_ce,seed_255,5,0.414,0.9268358843002181,0.414,0.5627232799491023,0.5627232799491022,0.7503333333333333,0.7503333333333333
imbalanced_minor,label_smoothing_ce,seed_255,6,0.402,0.9231419825496646,0.40199999999999997,0.5319225880379386,0.5319225880379386,0.7293333333333333,0.7293333333333334
imbalanced_minor,label_smoothing_ce,seed_255,7,0.435,0.8922142828637559,0.435,0.5530487119570077,0.5530487119570078,0.728,0.7280000000000001
imbalanced_minor,label_smoothing_ce,seed_255,8,0.45566666666666666,0.9164112558656724,0.45566666666666666,0.5816558544026275,0.5816558544026275,0.739,0.739
imbalanced_minor,label_smoothing_ce,seed_255,9,0.48633333333333334,0.9205576054688671,0.4863333333333333,0.6027848211942942,0.6027848211942942,0.754,0.754
imbalanced_minor,label_smoothing_ce,seed_255,10,0.485,0.9136015962449053,0.48500000000000004,0.5991723950433884,0.5991723950433883,0.7206666666666667,0.7206666666666667
imbalanced_minor,label_smoothing_ce,seed_255,11,0.43833333333333335,0.9212825112541246,0.4383333333333333,0.5813480849804435,0.5813480849804435,0.749,0.749
imbalanced_minor,label_smoothing_ce,seed_255,12,0.52,0.8822061260874966,0.52,0.627754685659435,0.627754685659435,0.8126666666666666,0.8126666666666665
imbalanced_minor,label_smoothing_ce,seed_255,13,0.4666666666666667,0.9118745528199422,0.46666666666666673,0.5920217305314538,0.5920217305314538,0.7613333333333333,0.7613333333333333
imbalanced_minor,label_smoothing_ce,seed_255,14,0.545,0.9189827131412424,0.545,0.6538455628592491,0.6538455628592492,0.793,0.793
imbalanced_minor,label_smoothing_ce,seed_255,15,0.5086666666666667,0.9058858208236859,0.5086666666666667,0.6257177156707481,0.6257177156707481,0.7573333333333333,0.7573333333333334
imbalanced_minor,label_smoothing_ce,seed_255,16,0.5503333333333333,0.9253320410122902,0.5503333333333333,0.6664920668724387,0.6664920668724388,0.81,0.81
imbalanced_minor,label_smoothing_ce,seed_255,17,0.5576666666666666,0.9115488085784248,0.5576666666666666,0.6833664907606494,0.6833664907606493,0.8243333333333334,0.8243333333333333
imbalanced_minor,label_smoothing_ce,seed_255,18,0.594,0.8995570750342722,0.594,0.7040184904946679,0.7040184904946679,0.8113333333333334,0.8113333333333334
imbalanced_minor,label_smoothing_ce,seed_255,19,0.5423333333333333,0.9201358510741713,0.5423333333333333,0.6568169761254833,0.6568169761254833,0.7853333333333333,0.7853333333333333
imbalanced_minor,label_smoothing_ce,seed_255,20,0.5183333333333333,0.9168614456421499,0.5183333333333333,0.6410745173061567,0.6410745173061567,0.7686666666666667,0.7686666666666667
imbalanced_minor,weighted_ce,seed_2,1,0.25266666666666665,0.7774726198712149,0.25266666666666665,0.32729102624325773,0.32729102624325773,0.6206666666666667,0.6206666666666667
imbalanced_minor,weighted_ce,seed_2,2,0.44466666666666665,0.8892641682476611,0.4446666666666666,0.5657796394367048,0.5657796394367048,0.7573333333333333,0.7573333333333333
imbalanced_minor,weighted_ce,seed_2,3,0.5713333333333334,0.862053798861139,0.5713333333333334,0.676287478384873,0.676287478384873,0.8466666666666667,0.8466666666666667
imbalanced_minor,weighted_ce,seed_2,4,0.5313333333333333,0.8848746212241192,0.5313333333333333,0.6551504808595915,0.6551504808595915,0.8096666666666666,0.8096666666666668
imbalanced_minor,weighted_ce,seed_2,5,0.5193333333333333,0.8810421002801743,0.5193333333333333,0.6523856617452443,0.6523856617452443,0.7813333333333333,0.7813333333333333
imbalanced_minor,weighted_ce,seed_2,6,0.5936666666666667,0.8979914957382648,0.5936666666666667,0.7025568737203781,0.7025568737203781,0.799,0.799
imbalanced_minor,weighted_ce,seed_2,7,0.6136666666666667,0.9112481039059901,0.6136666666666667,0.7075322067418178,0.7075322067418177,0.797,0.797
imbalanced_minor,weighted_ce,seed_2,8,0.59,0.9055480797454436,0.59,0.711300713913642,0.7113007139136419,0.793,0.793
imbalanced_minor,weighted_ce,seed_2,9,0.5846666666666667,0.9089886964886965,0.5846666666666667,0.6777308130699088,0.6777308130699088,0.7843333333333333,0.7843333333333332
imbalanced_minor,weighted_ce,seed_2,10,0.6096666666666667,0.9315772388868008,0.6096666666666667,0.713429813632341,0.7134298136323409,0.7933333333333333,0.7933333333333333
imbalanced_minor,weighted_ce,seed_2,11,0.6226666666666667,0.9254144154029288,0.6226666666666667,0.7244058995846085,0.7244058995846085,0.7746666666666666,0.7746666666666666
imbalanced_minor,weighted_ce,seed_2,12,0.623,0.9419939933055029,0.623,0.7370812507564312,0.7370812507564312,0.787,0.7869999999999999
imbalanced_minor,weighted_ce,seed_2,13,0.608,0.8764687736196134,0.608,0.7143361761461117,0.7143361761461117,0.8253333333333334,0.8253333333333334
imbalanced_minor,weighted_ce,seed_2,14,0.5473333333333333,0.9264685299306347,0.5473333333333333,0.6785829521675929,0.6785829521675929,0.7433333333333333,0.7433333333333333
imbalanced_minor,weighted_ce,seed_2,15,0.673,0.9202632260641442,0.673,0.7670221886942897,0.7670221886942897,0.8336666666666667,0.8336666666666667
imbalanced_minor,weighted_ce,seed_2,16,0.6823333333333333,0.9291618747156422,0.6823333333333333,0.7755127766596482,0.7755127766596484,0.8513333333333334,0.8513333333333334
imbalanced_minor,weighted_ce,seed_2,17,0.624,0.9400919124542774,0.624,0.7458200007085178,0.7458200007085177,0.8336666666666667,0.8336666666666667
imbalanced_minor,weighted_ce,seed_2,18,0.658,0.9401589863632273,0.658,0.7672225260621169,0.7672225260621168,0.856,0.856
imbalanced_minor,weighted_ce,seed_2,19,0.7123333333333334,0.9120846983726693,0.7123333333333334,0.7969866432115768,0.7969866432115769,0.8916666666666667,0.8916666666666666
imbalanced_minor,weighted_ce,seed_2,20,0.631,0.9258417280847114,0.631,0.7379467030615731,0.7379467030615731,0.8183333333333334,0.8183333333333334
imbalanced_minor,weighted_ce,seed_18,1,0.30333333333333334,0.7096218696956931,0.30333333333333334,0.3698526176888756,0.36985261768887556,0.789,0.789
imbalanced_minor,weighted_ce,seed_18,2,0.565,0.8181360246746531,0.5650000000000001,0.6608210714649848,0.6608210714649848,0.9103333333333333,0.9103333333333333
imbalanced_minor,weighted_ce,seed_18,3,0.5013333333333333,0.8696861732966766,0.5013333333333333,0.6122878866744981,0.6122878866744981,0.8176666666666667,0.8176666666666667
imbalanced_minor,weighted_ce,seed_18,4,0.5223333333333333,0.8902761380759655,0.5223333333333333,0.6539588824336594,0.6539588824336594,0.8493333333333334,0.8493333333333334
imbalanced_minor,weighted_ce,seed_18,5,0.6013333333333334,0.9015403614945949,0.6013333333333333,0.7133967665559924,0.7133967665559923,0.8783333333333333,0.8783333333333333
imbalanced_minor,weighted_ce,seed_18,6,0.5696666666666667,0.9066833538387566,0.5696666666666667,0.6917839857560173,0.6917839857560172,0.84,0.84
imbalanced_minor,weighted_ce,seed_18,7,0.584,0.9091106415651588,0.584,0.7007432219952813,0.7007432219952813,0.8163333333333334,0.8163333333333332
imbalanced_minor,weighted_ce,seed_18,8,0.5,0.9229784688995215,0.5,0.6449148679003692,0.6449148679003692,0.7946666666666666,0.7946666666666666
imbalanced_minor,weighted_ce,seed_18,9,0.5976666666666667,0.9131762422919416,0.5976666666666667,0.7150612046925447,0.7150612046925446,0.8343333333333334,0.8343333333333334
imbalanced_minor,weighted_ce,seed_18,10,0.561,0.9271942193657378,0.561,0.6916281349404295,0.6916281349404295,0.8243333333333334,0.8243333333333333
imbalanced_minor,weighted_ce,seed_18,11,0.6153333333333333,0.9197385026232955,0.6153333333333334,0.736643139263777,0.7366431392637769,0.815,0.8150000000000001
imbalanced_minor,weighted_ce,seed_18,12,0.605,0.9467237012734978,0.605,0.7268725119862149,0.726872511986215,0.8216666666666667,0.8216666666666667
imbalanced_minor,weighted_ce,seed_18,13,0.5956666666666667,0.9367988393506407,0.5956666666666667,0.7241314720183974,0.7241314720183974,0.826,0.826
imbalanced_minor,weighted_ce,seed_18,14,0.6113333333333333,0.9295539648163761,0.6113333333333334,0.7334058093846004,0.7334058093846004,0.811,0.8109999999999999
imbalanced_minor,weighted_ce,seed_18,15,0.665,0.9324164601715957,0.665,0.7725883508580816,0.7725883508580818,0.8373333333333334,0.8373333333333334
imbalanced_minor,weighted_ce,seed_18,16,0.5763333333333334,0.9434414898735121,0.5763333333333333,0.7101931426562499,0.7101931426562499,0.7866666666666666,0.7866666666666666
imbalanced_minor,weighted_ce,seed_18,17,0.6766666666666666,0.934578068908125,0.6766666666666667,0.7795265301380062,0.7795265301380062,0.8646666666666667,0.8646666666666666
imbalanced_minor,weighted_ce,seed_18,18,0.619,0.9275269308639232,0.619,0.7352875485552195,0.7352875485552195,0.8476666666666667,0.8476666666666667
imbalanced_minor,weighted_ce,seed_18,19,0.651,0.927346471616282,0.651,0.7597051997788423,0.7597051997788423,0.838,0.8380000000000001
imbalanced_minor,weighted_ce,seed_18,20,0.6466666666666666,0.9416876498377396,0.6466666666666666,0.7587280292929158,0.7587280292929158,0.8556666666666667,0.8556666666666667
imbalanced_minor,weighted_ce,seed_33,1,0.506,0.7732937759162356,0.506,0.5639806496783879,0.5639806496783879,0.8283333333333334,0.8283333333333335
imbalanced_minor,weighted_ce,seed_33,2,0.6726666666666666,0.8165552875180686,0.6726666666666666,0.7079092473868774,0.7079092473868774,0.902,0.902
imbalanced_minor,weighted_ce,seed_33,3,0.6743333333333333,0.8556645372198414,0.6743333333333333,0.732512746191007,0.7325127461910071,0.9263333333333333,0.9263333333333333
imbalanced_minor,weighted_ce,seed_33,4,0.6416666666666667,0.9058500984812481,0.6416666666666667,0.7452669279687845,0.7452669279687844,0.902,0.902
imbalanced_minor,weighted_ce,seed_33,5,0.6456666666666667,0.8722029900359632,0.6456666666666667,0.7176119098261733,0.7176119098261732,0.891,0.891
imbalanced_minor,weighted_ce,seed_33,6,0.668,0.8931146227121265,0.668,0.7418755999882846,0.7418755999882847,0.8816666666666667,0.8816666666666667
imbalanced_minor,weighted_ce,seed_33,7,0.639,0.9267855599565485,0.639,0.7514345302295716,0.7514345302295717,0.866,0.866
imbalanced_minor,weighted_ce,seed_33,8,0.6136666666666667,0.9012498942117935,0.6136666666666667,0.6941223850433427,0.6941223850433427,0.7973333333333333,0.7973333333333333
imbalanced_minor,weighted_ce,seed_33,9,0.593,0.9240764260249555,0.593,0.7099621212121212,0.7099621212121213,0.7973333333333333,0.7973333333333333
imbalanced_minor,weighted_ce,seed_33,10,0.535,0.925854628078934,0.535,0.6707276242661315,0.6707276242661316,0.7586666666666667,0.7586666666666666
imbalanced_minor,weighted_ce,seed_33,11,0.5733333333333334,0.9126373788292584,0.5733333333333334,0.6903798691993913,0.6903798691993913,0.7633333333333333,0.7633333333333333
imbalanced_minor,weighted_ce,seed_33,12,0.6053333333333333,0.9234512678376633,0.6053333333333333,0.7162703126378599,0.71627031263786,0.7823333333333333,0.7823333333333333
imbalanced_minor,weighted_ce,seed_33,13,0.607,0.924871660622984,0.6070000000000001,0.7204114142687331,0.7204114142687332,0.8013333333333333,0.8013333333333333
imbalanced_minor,weighted_ce,seed_33,14,0.627,0.9408435737457707,0.627,0.7460925042587764,0.7460925042587763,0.813,0.8130000000000001
imbalanced_minor,weighted_ce,seed_33,15,0.5343333333333333,0.9401752360475039,0.5343333333333333,0.674080600064852,0.674080600064852,0.713,0.7130000000000001
imbalanced_minor,weighted_ce,seed_33,16,0.6076666666666667,0.9302079590848256,0.6076666666666667,0.7293651785897378,0.7293651785897379,0.7983333333333333,0.7983333333333333
imbalanced_minor,weighted_ce,seed_33,17,0.5823333333333334,0.9305895343368059,0.5823333333333333,0.6997255195485413,0.6997255195485413,0.7633333333333333,0.7633333333333333
imbalanced_minor,weighted_ce,seed_33,18,0.6046666666666667,0.9362948482120785,0.6046666666666667,0.724514798623663,0.7245147986236631,0.7793333333333333,0.7793333333333333
imbalanced_minor,weighted_ce,seed_33,19,0.604,0.9417317519193672,0.604,0.7206841032929256,0.7206841032929258,0.8046666666666666,0.8046666666666665
imbalanced_minor,weighted_ce,seed_33,20,0.5503333333333333,0.9020093474512079,0.5503333333333333,0.6602307991355932,0.6602307991355931,0.7693333333333333,0.7693333333333333
imbalanced_minor,weighted_ce,seed_45,1,0.29233333333333333,0.5864041556732108,0.29233333333333333,0.23364191735492681,0.23364191735492681,0.44966666666666666,0.44966666666666666
imbalanced_minor,weighted_ce,seed_45,2,0.5683333333333334,0.8175286982099204,0.5683333333333334,0.667161159309167,0.6671611593091671,0.8216666666666667,0.8216666666666667
imbalanced_minor,weighted_ce,seed_45,3,0.681,0.8544032506469513,0.681,0.7505213833785263,0.7505213833785261,0.883,0.883
imbalanced_minor,weighted_ce,seed_45,4,0.687,0.8895319603286062,0.6869999999999999,0.770458371538853,0.770458371538853,0.881,0.8809999999999999
imbalanced_minor,weighted_ce,seed_45,5,0.6166666666666667,0.9028168907766702,0.6166666666666667,0.7246385320700567,0.7246385320700567,0.8486666666666667,0.8486666666666666
imbalanced_minor,weighted_ce,seed_45,6,0.615,0.9112814405168228,0.615,0.7343248731122248,0.7343248731122248,0.844,0.844
imbalanced_minor,weighted_ce,seed_45,7,0.663,0.90356425625617,0.6629999999999999,0.7617332971854597,0.7617332971854597,0.8686666666666667,0.8686666666666666
imbalanced_minor,weighted_ce,seed_45,8,0.6476666666666666,0.9042526394073823,0.6476666666666667,0.7451540106859257,0.7451540106859257,0.8433333333333334,0.8433333333333333
imbalanced_minor,weighted_ce,seed_45,9,0.6246666666666667,0.9345578743888433,0.6246666666666666,0.7460406636937277,0.7460406636937278,0.852,0.852
imbalanced_minor,weighted_ce,seed_45,10,0.6343333333333333,0.9220263744181375,0.6343333333333333,0.750595008215431,0.750595008215431,0.8306666666666667,0.8306666666666667
imbalanced_minor,weighted_ce,seed_45,11,0.664,0.9273189668669896,0.664,0.7725559312547144,0.7725559312547144,0.843,0.843
imbalanced_minor,weighted_ce,seed_45,12,0.6286666666666667,0.9324962082667012,0.6286666666666667,0.7503925161416118,0.7503925161416118,0.847,0.847
imbalanced_minor,weighted_ce,seed_45,13,0.6373333333333333,0.9254567018746473,0.6373333333333333,0.7545084636770448,0.7545084636770449,0.8376666666666667,0.8376666666666667
imbalanced_minor,weighted_ce,seed_45,14,0.6,0.9376649578119581,0.6,0.7241512985110589,0.724151298511059,0.806,0.806
imbalanced_minor,weighted_ce,seed_45,15,0.6276666666666667,0.9504876620445984,0.6276666666666667,0.7533447559315283,0.7533447559315282,0.812,0.8119999999999999
imbalanced_minor,weighted_ce,seed_45,16,0.6236666666666667,0.9393318832036973,0.6236666666666667,0.7468873302629383,0.7468873302629383,0.8113333333333334,0.8113333333333334
imbalanced_minor,weighted_ce,seed_45,17,0.5843333333333334,0.9549581056549324,0.5843333333333334,0.7137160508409662,0.7137160508409662,0.7686666666666667,0.7686666666666667
imbalanced_minor,weighted_ce,seed_45,18,0.6353333333333333,0.9272276484663147,0.6353333333333333,0.752749886728442,0.7527498867284421,0.835,0.835
imbalanced_minor,weighted_ce,seed_45,19,0.59,0.9374868413459848,0.59,0.7172430989422794,0.7172430989422794,0.8036666666666666,0.8036666666666666
imbalanced_minor,weighted_ce,seed_45,20,0.524,0.9498182871426432,0.524,0.6600224801905338,0.6600224801905338,0.716,0.7160000000000001
imbalanced_minor,weighted_ce,seed_255,1,0.4093333333333333,0.7111421329120899,0.4093333333333333,0.3926643145632765,0.39266431456327655,0.676,0.676
imbalanced_minor,weighted_ce,seed_255,2,0.4876666666666667,0.8210330428467684,0.4876666666666667,0.5838599660864877,0.5838599660864878,0.856,0.856
imbalanced_minor,weighted_ce,seed_255,3,0.5463333333333333,0.853978055295372,0.5463333333333333,0.6569688471463256,0.6569688471463256,0.901,0.9010000000000001
imbalanced_minor,weighted_ce,seed_255,4,0.5113333333333333,0.8708697374532143,0.5113333333333333,0.6325846037967796,0.6325846037967796,0.8083333333333333,0.8083333333333332
imbalanced_minor,weighted_ce,seed_255,5,0.6023333333333334,0.8739293628977786,0.6023333333333333,0.7059488296812005,0.7059488296812005,0.86,0.86
imbalanced_minor,weighted_ce,seed_255,6,0.686,0.8733913379922492,0.6859999999999999,0.7454520985485837,0.7454520985485837,0.8993333333333333,0.8993333333333333
imbalanced_minor,weighted_ce,seed_255,7,0.6236666666666667,0.90245486851457,0.6236666666666667,0.7106303894325641,0.7106303894325641,0.8293333333333334,0.8293333333333334
imbalanced_minor,weighted_ce,seed_255,8,0.6643333333333333,0.9212012195883164,0.6643333333333333,0.7603926844561637,0.7603926844561637,0.8566666666666667,0.8566666666666666
imbalanced_minor,weighted_ce,seed_255,9,0.6416666666666667,0.9147744458804482,0.6416666666666667,0.7462184970580759,0.746218497058076,0.8343333333333334,0.8343333333333334
imbalanced_minor,weighted_ce,seed_255,10,0.6496666666666666,0.8975852447019151,0.6496666666666667,0.7423522755325643,0.7423522755325643,0.822,0.8220000000000001
imbalanced_minor,weighted_ce,seed_255,11,0.7216666666666667,0.9249313616135865,0.7216666666666667,0.8009750383222208,0.8009750383222208,0.8773333333333333,0.8773333333333334
imbalanced_minor,weighted_ce,seed_255,12,0.6746666666666666,0.932349461457374,0.6746666666666666,0.7797529159055049,0.7797529159055048,0.8453333333333334,0.8453333333333334
imbalanced_minor,weighted_ce,seed_255,13,0.7076666666666667,0.9272052541409228,0.7076666666666668,0.7881618483420137,0.7881618483420139,0.8536666666666667,0.8536666666666667
imbalanced_minor,weighted_ce,seed_255,14,0.681,0.9402882386491377,0.681,0.7848782027102531,0.7848782027102531,0.8536666666666667,0.8536666666666667
imbalanced_minor,weighted_ce,seed_255,15,0.6343333333333333,0.9347516867206939,0.6343333333333333,0.7469887553129352,0.746988755312935,0.819,0.819
imbalanced_minor,weighted_ce,seed_255,16,0.6713333333333333,0.924965035992483,0.6713333333333334,0.7707851649638265,0.7707851649638267,0.8363333333333334,0.8363333333333333
imbalanced_minor,weighted_ce,seed_255,17,0.736,0.9158176825393856,0.7360000000000001,0.7952826456357371,0.795282645635737,0.8763333333333333,0.8763333333333333
imbalanced_minor,weighted_ce,seed_255,18,0.6103333333333333,0.9221145698494865,0.6103333333333333,0.7192690584831724,0.7192690584831724,0.788,0.7879999999999999
imbalanced_minor,weighted_ce,seed_255,19,0.694,0.8695998343133571,0.694,0.7691281963828426,0.7691281963828425,0.8736666666666667,0.8736666666666667
imbalanced_minor,weighted_ce,seed_255,20,0.635,0.9414454207168722,0.635,0.7525527165539255,0.7525527165539254,0.815,0.815
